Model,Accuracy,Precision,Recall,F1_Score
Random Forest,0.7988826815642458,0.7704918032786885,0.6811594202898551,0.7230769230769231
