Feature,Importance
Sex_Encoded,0.18467007517651854
Title_Encoded,0.18186504109367121
Fare,0.14009236391951368
Age,0.11398529663878501
Pclass,0.06811103572827613
Deck_Encoded,0.05478050502391925
FamilySize,0.0456092375340416
FareBand_Encoded,0.04503595209714862
HasCabin,0.03924569878668079
AgeBand_Encoded,0.03138246875509612
Embarked_Encoded,0.025166699405344405
SibSp,0.023077136454289108
FamilyCategory_Encoded,0.021521051899296047
Parch,0.01591346769319722
IsAlone,0.009543969794222168
