Model,Accuracy,Precision,Recall,F1_Score,Accuracy_Pct,Precision_Pct,Recall_Pct,F1_Score_Pct
Random Forest,0.7988826815642458,0.7704918032786885,0.6811594202898551,0.7230769230769231,79.89,77.05,68.12,72.31
