Pclass,Sex,Toplam_Yolcu,Hayatta_Kalan,Hayatta_Kalma_Orani,Ortalama_Yas,Ortalama_Ucret,Hayatta_Kalma_Orani_Pct,Sinif_Adi,Cinsiyet
1,female,94,91,0.9680851063829787,34.648936170212764,106.12579787234043,96.81,1. Sinif (Luks),Kadin
1,male,122,45,0.36885245901639346,41.060819672131146,67.22612704918032,36.89,1. Sinif (Luks),Erkek
2,female,76,70,0.9210526315789473,28.70394736842105,21.97012105263158,92.11,2. Sinif (Orta),Kadin
2,male,108,17,0.1574074074074074,30.678981481481483,19.74178240740741,15.74,2. Sinif (Orta),Erkek
3,female,144,72,0.5,21.677083333333332,16.118809722222224,50.0,3. Sinif (Alt),Kadin
3,male,347,47,0.13544668587896252,26.099193083573486,12.661632564841499,13.54,3. Sinif (Alt),Erkek
