Embarked,Toplam_Yolcu,Hayatta_Kalan,Hayatta_Kalma_Orani,Ortalama_Yas,Ortalama_Ucret,Liman_Adi,Hayatta_Kalma_Orani_Pct
C,102,40,0.39215686274509803,33.01470588235294,66.25976470588235,Cherbourg,39.22
Q,46,24,0.5217391304347826,26.108695652173914,10.957699999999999,Queenstown,52.17
S,270,88,0.32592592592592595,28.437037037037037,28.155122962962963,Southampton,32.59
