Embarked,Toplam_Yolcu,Hayatta_Kalan,Hayatta_Kalma_Orani,Ortalama_Yas,Ortalama_Ucret,Liman_Adi,Hayatta_Kalma_Orani_Pct
C,168,93,0.5535714285714286,30.246547619047618,59.95414404761905,Cherbourg,55.36
Q,77,30,0.38961038961038963,25.116883116883116,13.27602987012987,Queenstown,38.96
S,646,219,0.33900928792569657,29.2937306501548,27.243651393188852,Southampton,33.9
