Ucret_Grubu,Toplam,Hayatta_Kalan,Ortalama_Ucret,Hayatta_Kalma_Orani_Pct
Dusuk,115,30,7.42478347826087,26.09
Orta,96,26,10.831596875,27.08
Yuksek,102,41,22.704857843137255,40.2
Premium,105,55,101.47480476190475,52.38
