Ucret_Grubu,Toplam,Hayatta_Kalan,Ortalama_Ucret,Hayatta_Kalma_Orani_Pct
Dusuk,223,44,7.034171748878924,19.73
Orta,224,68,10.38605,30.36
Yuksek,222,101,23.02867657657658,45.5
Premium,222,129,88.67787207207208,58.11
